# alpha,mse
9.999999999999999547e-07,6.421226641089987017e-03
1.000000000000000082e-05,6.422572611420275177e-03
1.000000000000000048e-04,6.609591206033136462e-03
1.000000000000000021e-03,9.892914984666855913e-03
1.000000000000000021e-02,2.375103557423224529e-02
1.000000000000000056e-01,8.301628632908833461e-02
