# alpha,mse
1.000000000000000056e-01,9.272406075607114717e-02
1.000000000000000021e-02,3.481856592014433843e-02
1.000000000000000021e-03,1.073648426583038995e-02
1.000000000000000048e-04,6.641206336557474790e-03
1.000000000000000082e-05,6.333744191920792285e-03
9.999999999999999547e-07,6.355503157439693421e-03
