# alpha,mse
1.000000000000000048e-04,6.421306964195681519e-03
1.000000000000000021e-03,6.421305677504483486e-03
1.000000000000000056e-01,6.421175534325391544e-03
5.000000000000000000e-01,6.420875410263323681e-03
1.000000000000000000e+00,6.420990741353324767e-03
5.000000000000000000e+00,6.438469594838794156e-03
1.000000000000000000e+01,6.490726499838258071e-03
2.000000000000000000e+01,6.653425861208322675e-03
