# alpha,mse
9.999999999999999547e-07,5.499455126396099632e-03
1.000000000000000082e-05,5.427135832315528596e-03
1.000000000000000048e-04,5.334429615303159893e-03
1.000000000000000021e-03,7.845887329509625488e-03
1.000000000000000021e-02,2.012705476930772702e-02
1.000000000000000056e-01,1.748200122747487484e-01
