# alpha,mse
1.000000000000000056e-01,2.270767001657797157e-01
1.000000000000000021e-02,3.173778002238483026e-02
1.000000000000000021e-03,1.068425384668728571e-02
1.000000000000000048e-04,5.805723160206052898e-03
1.000000000000000082e-05,5.404695487913594235e-03
9.999999999999999547e-07,5.564561927485431325e-03
