# alpha,mse
1.000000000000000048e-04,5.482311761659940108e-03
1.000000000000000021e-03,5.482212905438176888e-03
1.000000000000000056e-01,5.471874897389554862e-03
5.000000000000000000e-01,5.438765789165348440e-03
1.000000000000000000e+00,5.411212166753330208e-03
5.000000000000000000e+00,5.398632088384826798e-03
1.000000000000000000e+01,5.523769446343035870e-03
2.000000000000000000e+01,5.845223141135836610e-03
